question_id                          ,coding_block_id , question_text
0fb9aff7-7e8e-469e-9f9b-3e49e9afb7f7 ,              1 , What does this block do?
ccc46da7-9eea-4947-8609-c81569c08bc1 ,              2 , What does this block do?
338b61e7-0620-41ea-97f3-472620680606 ,              3 , What does this block do?
b9b86255-a734-4580-8985-e79ba9abee6e ,              4 , What does this block do?
9b436da3-a09f-4df0-9d96-627a6066ca96 ,              5 , What does this block do?
08204fb8-bad0-468e-91cf-49226a896518 ,              6 , What does this block do?
2f3a54b1-9a11-44ad-9489-e39d24d41449 ,              7 , What does this block do?
09866ff9-47b3-4d0e-afb8-e2ff3fbffb34 ,              8 , What does this block do?
51491e09-0d1d-4aa2-83a0-858907cefeda ,              9 , What does this block do?
a1fc025d-7868-42a5-b56e-bb8ad97c82e7 ,              10 , What does this block do?
ab5a798e-0220-47fa-a84c-7bc15cc6fae9 ,              11 , What does this block do?
56621cfd-1721-42a2-b093-567284472889 ,              12 , What does this block do?
7deff7d7-e66c-4c36-ad77-f1dbf2958a60 ,              13 , What does this block do?
cd8fbb6f-1c4e-435f-a9f1-470a10d7e41d ,              14 , What does this block do?
19f0dd98-1fda-45df-872e-c34954ad0561 ,              15 , What does this block do?
9411178a-c445-4f8d-81d1-92350e64ddff ,              16 , What does this block do?
5602f091-e8fa-43b8-94ed-4bbfc8641b63 ,				21 , What does this block do?
3d8e1d83-21cf-4db0-9b16-4c14ea4d1120 ,				22 , What happens if you increase the second number?
27b3f990-b244-4fb2-907b-8dccb209d4f9 ,				23 , What does this block do?
2c201672-a9d2-42d6-bece-d11413a31d8c ,				24 , Which one produces a longer delay?
f801004b-5cba-40db-b0d9-0d26105ad9f2 ,				25 , What does this sequence do?
a608c686-b0f8-45f9-9f21-d0f62edad19c ,				26 , What does this sequence do?
48fea215-68b2-49a7-8f17-e18a660f83b3 ,				27 , What does this sequence do?
3bf9d0df-31c2-4db4-bdd5-ffd48c010039 ,				28 , What happens when Pip detects a blue object?
1adeff1a-413b-421b-90e5-18eed32a7cf1 ,				29 , What does this sequence do?
0b283d11-4a61-4dd0-ab78-ef01bb2cab4b ,				30 , What does this sequence do?
d99dfd76-b88a-4b52-96f0-5b8d8846bcdc ,				31 , What does this sequence do?
