block_name_id ,block_name
            1 ,right_button_press
            2 ,control_all_leds
            3 ,variable_declare_float
            4 ,variable_get_float
            5 ,variable_get_int
            6 ,variable_declare_int
            7 ,variable_get_bool
            8 ,variable_declare_bool
            9 ,variable_assign
           10 ,controls_if
           11 ,controls_if_else
           12 ,controls_if_elseif
           13 ,controls_if_2elseif
           14 ,button_press_start
           15 ,logic_compare
           16 ,logic_operation
           17 ,logic_negate
           18 ,math_number
           19 ,math_arithmetic
           20 ,math_single
           21 ,for_loop
           22 ,wait
           23 ,forever_loop
           24 ,go_forward
           25 ,go_backward
           26 ,go_forward_time
           27 ,go_backward_time
           28 ,go_forward_distance
           29 ,go_backward_distance
           30 ,stop
           31 ,turn
           32 ,imu_read
           33 ,side_tof_read
           34 ,center_tof_read
           35 ,color_sensor_read
           36 ,play_sound
           37 ,play_tone
