reading_block_id, reading_id, reading_block_name
               1,          1, intro-to-leds-1
               2,          1, intro-to-leds-2
               3,          1, intro-to-leds-3
               4,          1, intro-to-leds-4
               5,          1, intro-to-leds-5
               6,          1, intro-to-leds-6
               7,          2, voltage-1
               8,          2, voltage-2
               9,          2, voltage-3
              10,          2, voltage-4
              11,          2, voltage-5
              12,          3, rgb-leds-1
              13,          3, rgb-leds-2
              14,          3, rgb-leds-3
              15,          3, rgb-leds-4
              16,          3, rgb-leds-5
              17,          3, rgb-leds-6
              18,          3, rgb-leds-7
              19,          3, rgb-leds-8
              20,          3, rgb-leds-9
              21,          4, intro-to-code-1
              22,          4, intro-to-code-2
              23,          4, intro-to-code-3
              24,          4, intro-to-code-4
              25,          4, intro-to-code-5
              26,          4, intro-to-code-6
              27,          4, intro-to-code-7
              28,          4, intro-to-code-8
              29,          4, intro-to-code-9
              30,          5, leds-and-loops-1
              31,          5, leds-and-loops-2
              32,          5, leds-and-loops-3
              33,          5, leds-and-loops-4
              34,          5, leds-and-loops-5
              35,          5, leds-and-loops-6
              36,          6, advantages-of-leds-1
              37,          6, advantages-of-leds-2
              38,          6, advantages-of-leds-3
              39,          6, advantages-of-leds-4
              40,          6, advantages-of-leds-5
              41,          6, advantages-of-leds-6
              42,          6, advantages-of-leds-7
              43,          6, advantages-of-leds-8
              44,          7, leds-in-robotics-1
              45,          7, leds-in-robotics-2
              46,          7, leds-in-robotics-3
              47,          7, leds-in-robotics-4
              48,          7, leds-in-robotics-5
              49,          7, leds-in-robotics-6
              50,          7, leds-in-robotics-7
              51,          7, leds-in-robotics-8
